LOCATION;2006;2007;2008;2009;2010;2011;2012;2013;2014;2015;2016;2017;2018;2019;2020;2021
ABW;0.246852819668348;1.40197957743216;-0.224758910607719;-10.5991281698803;-3.88682045338672;3.05578790984498;-1.86510525567148;3.59222312055758;-0.290534420289859;5.12965708792277;1.58786875286513;1.51982143378811;;;;
AFE;3.8983072985783;4.04477787976801;1.8034617966153;-1.74017990278948;2.34062047080745;1.22382779400891;-0.769509278650602;1.50530530791859;1.20325972664031;0.187859711602755;-0.674532556274414;-0.144709797664106;-0.185405595367016;-0.544414098800544;-5.40382044522711;
AFG;2.25331064367975;11.0227871655922;1.59421545820915;18.5154192936617;11.264090568989;-2.68106105621827;8.97486534263294;1.9741656904729;-0.665291050796171;-1.62285718631547;-0.541416195952564;0.0647641950115201;-1.19490038335884;1.53563667424;-4.57503186436271;
AFW;2.53362178777148;2.66786581660811;3.38635670245576;3.3832891759082;4.05656592321655;2.01719927425384;2.31517489112325;3.26088598310315;3.09678416221888;0.00740235901142228;-2.53356229121614;-0.390664943817995;0.241530875100992;0.492953120389345;-3.45397565583164;
AGO;7.58231872566577;9.89004908967451;7.11684790462024;-2.80859959622148;0.640263325028357;-0.220842987712189;4.7065188600379;1.29199384519865;1.2198806209574;-2.46873730689103;-5.81618754909985;-3.40998337557743;-5.16211179066241;-3.7956079652012;-8.39624119385249;
ALB;6.5729229844884;6.78722894058974;8.32810842081639;4.05313986616314;4.22308382503236;2.82164245514005;1.58487281498216;1.18723435252161;1.98538809417568;2.51682705063622;3.48029321692431;3.89774060579526;4.2763256546607;2.54935857948763;-3.40231674193589;
AND;2.06020231362646;-0.518849647046451;-6.88581740186976;-5.9766840451389;-1.96683315898277;0.834867424241708;-3.45153545003302;-1.5688713381525;4.51927941301172;3.02081678005885;4.64621154922207;0.734439351000333;1.57425431733354;1.83306059347608;-12.0882996669955;
ARB;3.6030331473649;2.04373627257688;3.2405201611855;-1.74743224180622;2.3376972444381;1.44376388737875;2.7000956263187;0.725441218537966;0.389027894794452;0.888157831786003;1.15295877026209;-1.00635785647198;0.468786241052925;0.137964422114464;-7.06518187900672;
ARE;-4.9166693070077;-11.3456527143693;-10.2086460930316;-15.1512246817973;-5.91493077766168;2.18634402990557;2.25709897595851;4.40993826131566;4.22567716724525;4.50781768694726;1.90520573929507;1.01143077389321;-0.320590314360061;1.93443148259161;-7.2721729746159;
ARG;6.95553357619964;7.9242108884188;3.02950065191851;-6.85422505520184;9.30012292248985;4.78868313859435;-2.14528444981812;1.26568517537076;-3.57858050983289;1.62966427946263;-3.11006389821465;1.75764818265694;-3.60160975657155;-2.99438788864292;-10.7651077297352;
ARM;14.0786074163543;14.695868262481;7.81913819445141;-13.5193908169314;2.58289738298329;4.72831760012215;6.91369862302516;2.82392616906515;3.07317867812573;2.7359180235262;-0.161329865469654;7.18452239016769;4.9522308356251;7.38219727969849;-7.5720605257634;
ASM;-3.37150121933666;3.1466601180652;-1.17239726702242;-2.78856050580796;1.3567863026621;0.590081607030754;-4.18704019844392;-2.58399590789166;1.62784446439068;3.12188089164911;-1.56120490141551;-6.78354801701121;2.95991055574585;-0.219737965386599;4.13808366254634;
ATG;11.0008002874547;7.60596839615401;-1.61258438112945;-13.3318258403209;-9.18796671463534;-3.29878621482433;2.04993317307776;-1.79896658725413;2.61605230937501;2.70571843639473;4.43725332350857;2.16611404366698;5.93227628165489;3.96278455965997;-20.8549349330109;
AUS;1.22256105447553;3.12228858599492;1.52196953655246;-0.211201149548302;0.595353727107323;1.05574787694091;2.1188970289609;0.849416992679778;1.04448964055885;0.712256477964445;1.1493474640983;0.587161102950546;1.302840712022;0.571102988410345;-1.27852628341415;
AUT;2.94341785870446;3.39173082681461;1.14330711888604;-4.01634004211772;1.59257712849987;2.57644831811446;0.222450576943075;-0.562298942527448;-0.122370667337563;-0.111540189504495;0.892469139632297;1.55072408627153;2.00355252390945;1.04090811975335;-7.12092796688751;
AZE;33.0304877689447;23.5906855604629;8.45745021933573;7.05060225387908;3.80649107344011;-1.19584309831757;0.816684084119416;4.45002019995316;1.47593715243055;-0.103121433889072;-4.1771717983498;-0.778416065787681;0.624486167739761;1.63585041443849;-4.95270163708527;
BDI;2.04691410160206;0.104847755259385;1.45655117316197;0.455731439010847;1.75624461627567;0.748489230350486;1.19801289223665;1.68737530450396;1.02162635595062;-6.8864045414511;-3.70833487696058;-2.64677820864496;-1.5575434549573;-1.29476823572824;-2.74070846256809;
BEL;1.87818319997308;2.91833834881372;-0.343452718095421;-2.80592074025158;1.928764195703;0.38003456979618;0.11640257847661;-0.0131483860964465;1.12859572471172;1.45189336758756;0.755268919102846;1.22886623616918;1.35679144535901;1.59897001717071;-6.11125660451353;
BEN;0.975162117860791;3.00415407569633;1.97622156437529;-0.515289132902581;-0.711405268098687;0.116989314098049;1.91953679804608;4.2413800400243;3.43949177750025;-1.00423453913564;0.525130743148708;2.80528150351485;3.81878334277161;4.00308913488962;1.09009852710551;
BFA;3.12424828216244;1.0224068238403;2.64756831685142;-0.107459605813844;5.22099169912576;3.46203091718995;3.30920251110012;2.68476801476167;1.28212746983034;0.911075762596241;2.91366558534006;3.17736075265671;3.59163480841336;2.72407212531654;-0.907160523079824;
BGD;5.24454106026052;5.75340722629838;4.80617619811781;3.87850067357942;4.3909628859054;5.25354715283245;5.29926032961355;4.79519609046848;4.85575647014585;5.36686615945385;5.94667828426267;6.1364783118442;6.73329863316326;7.04528876097589;2.47635985204822;
BGR;7.61684962906293;7.37801683034824;6.86349070130127;-2.64664096054558;2.21243106343319;2.75801177413106;1.34021710890744;-0.00242338038522405;1.54238792053928;4.09010768554509;3.76506855458946;3.51553833482474;3.42872477679667;4.77250206361659;-3.81151594165073;
BHR;-1.22745548940972;0.192120709692119;-1.25846655927015;-3.55414538407601;-0.356550280898588;-0.991765171028888;1.98946797220026;4.20741867779945;2.70680579011122;-0.187595037097779;-0.359639348486056;-0.475473381759144;-2.76780486148901;-2.32252085763781;-8.45537049876401;
 The;1.49985431178779;0.601739307052298;-0.464110316562156;-4.1120261170753;-5.79845781871626;0.0118887228779414;-0.686873073370307;1.95331789906872;-4.5242392561706;1.33239998761843;0.619177352382394;-0.894872291179823;0.606496417794375;1.73146903767967;-0.293225395122633;-15.3322770970022
BIH;5.41148399654175;5.93114323532453;5.68340837841161;-2.52892152446536;1.69500203332376;2.18125388158525;0.724336968548414;4.15191547982994;2.91112061804874;4.67468789470115;4.46265636890475;4.24050974081906;4.60162519334784;3.5453373948871;-2.60143470404519;
BLR;10.6755867998734;9.09945997853627;10.5813049917168;0.446705795918476;8.03408813400748;5.62588118638354;1.84652026755825;1.04224341321542;1.66927992865882;-3.95725125382174;-2.61191380516274;2.64480752237135;3.36999151883471;1.60481819172;-0.479446185047166;
BLZ;2.11253489597595;-2.07477513930061;0.861932837250308;-2.27734582433044;0.508814503200924;-0.480053247484648;0.0687967576364628;-0.963816349894174;1.78273987460824;0.487997241962574;-2.06106662075794;-0.184795030774069;0.946112739484732;-0.135066237124235;-15.5827414437054;
BMU;4.94027251942389;2.76381533456662;-2.44478025615982;-6.14862940548659;-1.73636323640892;-2.90785082905049;-5.64726274774529;-0.591137895206543;-3.90360610786885;0.622598426821042;0.39386919987983;4.71610220533942;-0.504455912272903;0.469320877880691;-6.32942429551149;
BOL;2.97725340909743;2.7813671403387;4.36849427320556;1.64916436138168;2.42930231248324;3.51107396436072;3.45365840732083;5.12759312298883;3.84374986176451;3.28269893653157;2.73197634742475;2.69615523107971;2.75216346209768;0.796516093647838;-10.0785803454608;
BRA;2.83475848402813;4.97470189602738;4.05441066380965;-1.08194236869856;6.52437005565609;3.02640196933812;1.01454082117884;2.10888584808248;-0.352483145005351;-4.35147506604415;-4.06941092381417;0.508337980314494;0.988960032623851;0.651853445818901;-4.74055319539093;
BRB;5.46187636422832;1.75250129965066;0.253184616385155;-5.46984322806341;-2.64110707247718;-0.973739961736314;-0.705082960137432;-1.61325734553324;-0.310745172156317;2.26845526748964;2.30981203220082;0.323816531140466;-0.722886472225468;-0.228750840137266;-19.07818762048;
BRN;2.94564450821129;-1.10213493246205;-3.09007210677792;-2.91193207125471;1.34972274167168;2.41373998235773;-0.430143838382321;-3.43701998535596;-3.78451965407254;-1.62537351861698;-3.61089864285825;0.209044441908858;-0.992460952847097;2.82969002187825;0.165658548031232;
BTN;5.59022776056818;17.0312208489917;3.74805024811837;5.69112506934326;10.7745093182546;6.76852769669642;3.8770549410511;0.875815243958527;4.47932128700148;5.34825820294729;6.8323670597098;3.40861136657622;1.84848775239858;4.54973728489323;-11.0690288043469;
BWA;6.18975978199745;5.99357687180016;4.01707603415571;-9.44202104799008;6.7273260381818;4.55924778272052;3.21955190279949;10.1017800948013;2.84937799269925;-7.14464380174003;5.09386203389349;1.8738815256832;1.72043437304123;0.773637549401784;-10.3576481196919;
CAF;2.74350418110028;2.61583221360165;0.254331008941946;6.97871251463916;3.45870921749356;3.44300399979649;4.63292210115557;-36.5569195462263;-0.282695892855827;3.66370430293424;3.72277787403763;3.20045251851401;2.22467545139492;1.28946136700006;-0.936836487562402;
CAN;3.11869306935945;5.83579337545824;-0.0802948387444928;-4.03041984871436;1.94962818944229;2.14230900946657;0.663247994866836;1.25361381330025;1.84102612431141;-0.089285801148975;-0.135842621321913;1.81127891680259;1.33556428524561;0.426917853285573;-6.31922236990395;
CEB;6.85910767981974;6.8205729084537;4.30064297232531;-3.31334429476661;2.066327354251;3.30923096758904;0.994461463765688;1.45556392203837;3.1999404099499;4.18746706175254;3.33410161958308;5.13800732386646;4.69662041324422;4.2143467445005;-3.60101182329778;
CHE;3.36429654561768;3.0704624986739;1.45814110121177;-3.29552116829664;2.19808651003746;0.793490807044535;0.148135706748036;0.657546866138631;1.20448160404274;0.507122105703075;0.9368837412635;0.641284065674213;2.16156965343124;0.491609144873692;-3.08540092497348;
CHI;3.9739990049156;4.77185367602469;;;;;;;;;;;;;;
CHL;5.2003800378633;3.79032075477977;2.42625274037624;-2.60145285015329;4.75024210331847;5.05770836528308;4.30919398905836;3.03157349099368;0.692522608849416;1.10598439797978;0.372098730561632;-0.247251358761787;2.28112103495536;-0.245035756890886;-6.58075571518616;
CHN;12.0933046939024;13.6358205006408;9.09028010153618;8.85594767555551;10.1028326227139;8.95381604183163;7.13452377748027;7.05073413381821;6.75076031594273;6.42073647723056;6.23821544775225;6.30186310052261;6.25170055569883;5.57453312716906;2.11652289256483;
CIV;0.620555974589038;-1.0941581528335;2.46143775009347;1.26063516017267;4.38253421367986;-7.60114782697617;5.03051196535279;8.05072946081444;6.66680023249565;4.52428897259003;4.49518428080961;4.65889956449088;4.1966214196201;3.5576825008911;-0.599377217026557;
CMR;1.01680876381924;1.50579595405154;0.0570680601634166;-0.205524125160181;0.110124732070815;0.584593185525549;1.80705338648013;2.17993041710471;2.90200457216238;2.87078784808867;1.79128797729706;0.84572071249174;1.27506372633268;0.835333750899835;-2.04245466490876;
 Dem. Rep.;2.80880755484034;1.98485862256715;2.84986165010818;2.78384949804772;-0.500569834446665;3.59883860972532;3.36641348869679;3.57178403424739;4.92756997452317;5.89588445346594;3.44259805623153;-0.907723599820514;0.401473697563162;2.46109271097485;1.11015954346362;-1.41205102844263
 Rep.;4.41530144936273;4.45791914668135;-9.76964775059392;2.71916346624226;8.03095792374498;6.63009003512005;-0.610460761554961;7.13509108446996;-3.12999790416761;4.14374528883914;-5.91664565572746;-13.0204296236603;-6.8092164100262;-7.23155796221506;-2.61495233462033;-10.2397571028887
COL;5.35040251622438;5.42863484691856;2.07578409424285;0.0207132464149282;3.40253313166517;5.91724426422576;2.98127287338662;4.18482189717086;3.44839523191438;1.75788371739232;0.70068863785022;-0.163409332080448;1.01285604228866;1.88927448744572;-7.79120102284125;
COM;0.221484934353938;-1.58742795074829;1.53094445151807;0.743854431612874;1.32494461081001;1.61262881869332;0.735693019263721;2.01305368209526;-0.303825604666386;-1.23086046150448;0.962061037426224;1.48233932576038;1.347332748425;-0.46527893172582;-2.27695071483737;
CPV;6.5712669890024;13.7413182664506;5.36875181057677;-2.45132553635527;0.235744952075876;2.67380305499394;-0.195107703627997;-0.477378624864727;-0.657599484048632;-0.23738747850534;3.44413344235974;2.47516943136586;3.32680146934304;4.48183015631996;-15.7109984705467;
CRI;5.84681727760238;6.7605528911491;3.36539868156716;-2.13680579834968;4.05680772478487;3.1476630074776;3.65395891320448;1.32528972808137;2.39170916513906;2.53138328642916;3.10830677496124;3.09256633767137;1.60014007285719;1.28151371094327;-4.94039889859498;
CSS;6.093185503226;2.62876055543424;0.609320372101109;-4.20132706784425;0.663819209834585;0.431628678752432;0.616752382108317;-0.0919446819651881;-0.00270578707365132;0.386837467820115;-1.783749054377;-0.534163387782698;1.2634535109904;0.0391755342826769;-8.66604019795618;
CUB;12.0692963689548;7.35865377229068;4.2478615432934;1.54405710119354;2.39836049770854;2.70314590558387;2.8278427579969;2.51438170490785;0.831422266789204;4.27336160897438;0.422151606764217;1.7718207232533;2.25848146064915;-0.123773041706542;-10.8943436642688;
CUW;-0.94096220045985;0.466172919160627;0.910343817460728;-1.17689771730782;-1.17626926774395;-0.806884969267244;-0.964264113308545;-1.91243196872605;-2.46219547578985;-1.03588398573132;-2.03087910494624;-2.05324118036593;-1.65097683750417;-2.23729770711994;-17.086580572712;
CYM;;0.102081390905482;-3.23553329234031;-9.69320823042324;-5.03479069626668;-0.937279179860425;-0.634729365757281;-0.35984858205525;1.11086355666252;1.37862026256323;1.84890054164606;1.85236328568278;2.91163927489984;2.57669161664211;-7.82590851918644;
CYP;2.98129875921664;2.88410751248576;1.0765652150817;-4.6106540682506;-0.618672408329218;-2.12782857471161;-4.90683483702104;-6.33559821867694;-0.742815123790734;3.97337740749985;5.96738631417672;4.87248695745734;4.41138580684543;3.86453264067046;-6.51662734902814;
CZE;6.47820360338791;4.95608533293907;1.83824019269181;-5.19898191898565;2.13688048446924;1.55018979013502;-0.923734450159557;-0.079052895284633;2.15450047888164;5.18140265379816;2.34055226080498;4.88972204225595;2.85410811330968;2.62455743475904;-6.02665654923183;
DEU;3.9336103307084;3.11424588261349;1.1520297421751;-5.45457716940945;4.33960677706354;5.86963573749217;0.230160992711959;0.163870562978019;1.7843418861469;0.617105353219898;1.40810207548923;2.29720604740949;0.782690047310425;0.827864779161388;-4.64754497642672;
DJI;;;;;;;;;5.22565519105254;5.89435204393692;4.91715159071116;3.73033779991678;6.73190060418814;6.15054746812686;-0.969351782688705;
DMA;4.4552217006576;6.23429672123177;7.07266151177768;-1.19609495924394;0.631443232680979;-0.272797299892986;-1.11756666652433;-1.09055024070209;4.34216390122127;-2.80595187225674;2.36664739005607;-6.99897579452575;1.97741396289945;7.29874797406434;-16.816900552918;
DNK;3.57206346379428;0.46273149419045;-1.09484212816196;-5.4140139985128;1.41948663073603;0.920393685285319;-0.149916088315891;0.513424427502201;1.10543346611018;1.62216625804921;2.44336887407066;2.16235511316152;1.4850851572351;1.7496140950622;-2.34733603210697;
DOM;7.73642290128598;6.03369333141856;1.90850574733813;-0.304580775410116;7.01678345192964;1.89221321027995;1.50000526375833;3.65081878777009;5.81878932993905;5.71551877791849;5.4686348954891;3.5180711549784;5.83453748755498;3.95840417453633;-7.65706090822447;
DZA;0.214792143410605;1.80825261796593;0.738194544500629;-0.134681878430399;1.74679065506871;0.980209993399853;1.40174755982498;0.761699380455809;1.71045490345108;1.60049369689222;1.10457015563286;-0.750456691887635;-0.909245791015422;-0.934555885396762;-6.82696362319118;
EAP;10.244862718877;11.6837028262388;7.84294222303944;7.22085207240393;9.15530428197755;7.83365330238695;6.66593191394111;6.40029053172613;6.11597402679006;5.86799177010586;5.78276716248109;5.89427626407641;5.81737395376749;5.1711364862513;0.893428496415183;
EAR;4.2983867649816;4.1140356055712;1.94293920491621;-0.656353592854344;4.95018722329942;3.48211063846773;2.47473156489492;2.85825292803517;2.78133878825312;3.04525550386936;3.27925325440337;3.18909081643646;2.33108259021174;0.995396758831518;-5.7038623701459;
EAS;5.6818934383388;6.72321405963501;3.65249646178849;1.85750530090823;6.89058676535043;4.72795565848412;4.34747180978215;4.42346766831723;3.96079176717636;3.95913976981777;3.9274291929303;4.31112815066383;4.09114157412462;3.50814618392725;-0.562980140770733;
ECA;8.02167256517006;7.57389584166168;4.23275234493642;-6.10565301838784;4.48900576271522;5.4386484400294;3.28575296364968;3.38910749296109;1.51086524853108;0.394147553969376;1.147477850127;3.54859769375892;2.72435232430711;1.85565939695003;-1.87859153432065;
ECS;3.56883763437041;3.23214906338126;0.596252518570296;-4.77686836875787;2.26075611673681;2.1054870015859;-0.0541067249573075;0.417171543402787;1.39350989892482;1.633685833318;1.49956949838858;2.39834578591187;1.79176583119951;1.49685723934316;-5.81941536918744;
ECU;2.66928201497403;0.494765341357351;4.60702110154982;-1.05810136505242;1.8928651769599;6.22101651283937;4.07028680114558;3.38726700652121;2.1989731610287;-1.50763431990521;-2.89801879626653;0.573913173998349;-0.483429077922167;-1.65324963404186;-9.15874486974343;
 Arab Rep.;2.60221069461394;4.9673930515093;5.22831141169746;5.26715476016726;2.74008689745496;3.08084197232151;-0.363927634374789;-0.0129584539262453;-0.105970985642273;0.616851309989343;2.09373579415812;2.13201530012972;2.02557995113628;3.19442074906497;3.49204687443208;1.59984859203273
EMU;2.74918418957645;2.4677133040707;-0.0717474089682213;-4.83032574134936;1.93842535417244;1.94041992500198;-1.06082051189473;-0.558390458898657;1.05407890725846;1.7540248775172;1.56734437661723;2.39251794878832;1.60573976057248;1.47466596046124;-6.51030452075328;
ERI;-4.07621265428334;-1.22452381141811;-11.7342470896107;1.97411443291126;0.565852074423873;7.20777312849638;;;;;;;;;;
ESP;2.35781315291435;1.70452202327694;-0.70956792412278;-4.61187170615491;-0.297088607471025;-1.16619262555828;-3.02242536982695;-1.11189885449343;1.68744970379751;3.91576845137082;2.94434855983185;2.73236058269681;1.84175785793946;1.35513304460717;-11.253266804126;
EST;10.4147342313026;8.07102533368965;-4.87728652816892;-14.4643283839458;2.67816403908816;7.58921166461815;3.59836215956679;1.82015416069549;3.28187481366284;1.78627469426176;3.12553830458751;5.66403908236126;3.77202331144019;3.71364675074358;-3.14261531990262;
ETH;7.80874174145139;8.4372752831602;7.79301654393336;5.84398630054217;9.46061248846286;8.0948462325531;5.61657143106318;7.49986808082429;7.21318425180695;7.39146886281171;6.50971203723924;6.68455961774448;4.0539401511658;5.60436973620631;3.3952700661372;
EUU;3.15806220807377;2.80885318891218;0.318805093071248;-4.57392501994543;2.1069839588353;2.03928142174806;-0.852714434403552;-0.274538554032404;1.32212691599049;2.08813533361607;1.79211498792962;2.65261505423385;1.89906386986817;1.75248633405729;-6.01497797663717;
FCS;3.81466295161961;3.85820350437196;3.438055751254;3.20565771174519;4.62701735483471;-2.11707583848644;2.56121508652778;2.11518321078677;1.21632625585973;-0.755258962035981;-0.123321530126319;-0.335003939929067;0.485179888214432;0.757932906292424;-6.91599674466686;
FIN;3.62894134847109;4.85231327619931;0.315886376754079;-8.51302848718304;2.71496673450685;2.07339631453335;-1.86559117436354;-1.35721561109078;-0.776108383146138;0.213029419665261;2.5163798952421;2.95053137282473;1.00788071036347;1.10927871251762;-2.93965471212331;
FJI;1.08194879157718;-1.83671117396668;-0.0632786245465269;-2.34256204327862;2.21467703291272;2.27276968656203;1.22210563860754;4.66924473688928;5.5005253565529;4.23833189405605;2.00247544692745;4.74654991827457;3.10381043650811;-1.16876751454872;-16.3219325596987;
FRA;1.73754003299598;1.79298221122066;-0.303759657055082;-3.37173720554279;1.44700813155868;1.6996129650087;-0.171206729763156;0.0599163796786826;0.479077572349041;0.754024352327519;0.829056664516742;1.99499844733441;1.58587880599642;1.62035845279964;-8.03437920909296;
FRO;;;;;;;;;;;;;;;;
 Fed. Sts.;2.51200871050628;0.640548868157609;-0.960209390594628;-1.5668696243921;1.66055815046704;2.31403905267203;2.65790889585828;-2.86030247057528;-4.96740821301084;-3.6896651138542;3.23635458122331;-0.316499162247752;1.53432253315657;-0.837259215875989;0.133812944929986;-2.79882511795984
GAB;-5.4974097241295;2.95427342299269;-6.23572092257933;-3.085416601798;3.44882877215615;3.2468530604356;1.33814210077514;1.72068327370387;0.619753592308101;0.471417196447604;-0.969040474153701;-2.29754116776253;-1.75350522651408;1.37116920912574;-4.18185823459717;
GBR;1.83282608516863;1.47624141181365;-1.02170308717874;-4.96888826969469;1.33397115943812;0.667756092852983;0.766760919049389;1.20989964548237;2.23545815296934;1.81266163797693;1.4913642994284;1.44292936752505;1.03685521942496;1.0999959123708;-9.90699278368999;
GEO;10.0435767572742;13.1677522548876;2.73018266273584;-2.79094025368749;7.02738532732053;8.26498872121428;7.15537825393695;3.93364640763909;4.38290147136355;2.86009424289855;2.84490205450567;4.82856985509574;4.88385492937473;5.16261881694761;-6.82443263205032;
GHA;3.71646315278551;1.68911791144583;6.37107278350972;2.21106718979192;5.24933064052722;11.3154107315811;6.73355567711647;4.8475180577868;0.525773600638217;-0.170049024853114;1.07696052085518;5.75434851659537;3.89661430974051;4.22918126352458;-1.70251702105996;
GIB;;;;;;;;;;;;;;;;
GIN;-0.961245040263591;4.45246748743871;1.77382701151087;-3.36200283623926;2.47178126236827;3.29836232283363;3.61271213649377;1.6479340063354;1.29592928844791;1.27274453676185;7.92853485004899;7.29211181459284;3.38751521788826;2.69338419991574;4.0431629902353;
 The;-5.33865336009433;-3.53614412804937;0.00180576132322585;3.14601279723415;3.54048699404569;2.78270337975177;-10.8616136912208;2.09938177552418;-0.201719399753557;-4.34606099824586;0.973886803537113;-1.05801863935166;1.75610362012779;4.12181776319187;3.09684344959481;-3.06327524806795
GNB;-0.115545091954857;0.778358963477331;0.67928326772207;0.792691755243297;1.9532418746588;5.29151058435724;-4.28379943234725;0.544735071022188;-1.67070369175518;3.39863032690428;3.56652184239847;3.27071342766881;-1.21055169342024;1.96420146424497;-4.73491375422959;
GNQ;2.9042207829669;10.0640958677074;12.4413261798913;-3.23715852383059;-12.9827464023919;1.85855484624243;3.6565961313589;-8.16064582684918;-3.68833399018376;-12.711339203906;-12.3135934211572;-9.16772469815358;-9.6002319632794;-9.23893172984212;-8.07963256832578;
GRC;5.33560186226536;3.01098407849112;-0.599389804763788;-4.55211704750764;-5.60036851879792;-10.0162812051982;-6.58290444947292;-1.80655137341328;1.14721195681824;0.463652786270188;-0.0724245841387301;1.29229029026882;1.87490316346144;1.91089104761153;-8.84035671168702;
GRD;-4.25149196086558;5.87626037971725;0.685259166443842;-6.90459896882942;-0.923352377203273;0.237495487109555;-1.7677956562175;1.67016094781525;6.62647792031103;5.76041123467368;3.11869812221369;3.86313919714306;3.76129237119484;0.238209642532624;-14.1042246355753;
GRL;5.85503028106271;2.74878107936594;6.59397874864722;0.874906570700134;0.69531455570224;-0.470283635075262;1.53697694464276;-0.726861643140481;5.09192733313645;-2.2149188822392;4.54780858066064;0.079446434695825;2.11490153214922;1.31347118082863;;
GTM;3.23821937056923;4.25714892993594;1.32165978349745;-1.39547065582242;1.0118948603419;2.28579516997895;1.16050888968185;1.88864258053816;2.65391190936224;2.34629514622338;0.989365749396498;1.41564884120322;1.68170693128233;2.25871189837592;-3.00490339698756;
GUM;-3.80009109121463;0.591037617361408;1.91332981619132;0.315683901871552;2.13048333357308;-0.0796467685357953;1.94233769096506;1.42099200853056;1.41877324809245;0.299915104837339;-0.492462435137583;0.0714629202402932;-1.61196506198668;1.60428373280827;-12.6271526686851;
GUY;5.10439520116948;7.17084558480599;1.56001595113744;3.75107634494253;3.54112897073892;4.97532695240888;4.91501185293576;3.12205054478527;1.1412128866407;0.154585160749249;3.27903020608493;3.21852430987543;3.93302457193192;4.84549740758746;42.7893004858971;
HIC;2.37929146791448;1.94968989360684;-0.426589460003214;-3.91598077553428;2.30667471962076;1.46007178914908;0.788101450648426;0.909884817472474;1.54317429720645;1.90684696281079;1.24092172781971;1.85911237554689;1.87257228659155;1.34839652677931;-4.95662949903669;
 China;6.92005191027974;6.34737563685506;5.55352009438445;1.51877210614353;-2.66897177495062;5.98638984217187;4.11212330822282;0.583770830131243;2.68792844737476;2.04313235184961;1.51997817135852;1.53864657056957;3.01731597828572;2.02792769150992;-2.41839561224405;-5.76011270583443
HND;4.1200466372222;3.81903550835669;1.9795919274907;-4.46450679395942;1.65230641681642;1.83746455221313;2.20026802592987;0.947637133668763;1.25073936815865;2.04738682049835;2.1235809908339;3.08361521753868;2.1281635729176;0.982661679905576;-10.4215011539207;
HPC;2.95567138435379;2.58064183957254;2.76625534360623;0.874366248963085;3.17249364987684;1.56512681192822;1.06063893015811;2.80830875349314;2.88571426068658;1.89508529155218;1.55845018346761;2.13823355362071;1.51948179864148;1.62210998307135;-2.27285174209922;
HRV;4.91367465453139;4.93574021781123;1.90754889765215;-7.18426866317068;-1.02646183190893;0.260322578556838;-1.97654957124888;-0.0852328371168483;0.0608148413620171;3.37409280662597;4.25801634230318;4.6631756701545;3.82352734471229;4.05697922398092;-7.70077642700599;
HTI;0.140685216739485;3.0463698893445;1.04861208345804;4.25333304749573;-7.08601031592265;3.52697219317422;-0.974112645478769;2.82270459321508;0.292192414366326;1.15736312864287;0.455879683871615;1.18118263013172;0.38072842933046;-2.90574712035101;-4.52549182297372;
HUN;4.10975962524648;0.43244538852025;1.18347936814548;-6.45067015776793;1.3118389146489;2.1491957718688;-0.746488355913286;2.08709319001119;4.50486061496011;3.9502169101093;2.49398511598645;4.54613560054244;5.4931633015081;4.60139046418905;-4.47045443950131;
IBD;7.18959631016122;7.92027367394974;4.91321441291308;1.88135467804662;6.7942338962808;5.35969259855757;4.25691968400992;4.26968286990621;3.7552778392468;3.41983654838576;3.68127600798343;4.22837832474367;3.94558516207853;3.14095870162885;-2.2312989754171;
IBT;6.69286191125931;7.36233180930135;4.52119060588888;1.73304487002078;6.33811873924834;4.86642299192941;3.80427324916381;3.96861166862578;3.50264635966089;3.01887461992818;3.23896957976295;3.80564778877999;3.55590254094531;2.76254064591741;-2.51222399501098;
IDA;3.54854044416091;3.54650115819319;2.59167984286815;2.67371200844777;3.79938331901613;1.7411382133204;0.94822548277493;3.00353321936643;3.23330522997733;1.03550267313103;0.857646065227485;1.76027583874586;2.14258722395692;1.6717620080524;-2.32676046494787;
IDB;3.3422613836568;3.29760947801464;1.64214449408522;3.3976740019078;3.54650910415553;2.17845170513675;2.15551729922407;3.10185973508035;3.41175646878624;1.44317004057008;-0.623647227847655;0.540288376675548;1.32457221686084;0.0709031150363018;-3.48409085262087;
IDN;4.10751435473269;4.94646813828543;4.62003367541941;3.2473282384732;4.81227306756668;4.74831853260665;4.60648552222868;4.15142822863413;3.63907230281121;3.55506249544388;3.75883733214852;3.84119726442658;3.98782486089075;3.87144414151346;-3.10714219034654;
IDX;3.75840498656676;3.78089477352508;3.50793726155578;1.95257676857699;3.97595551763806;1.25274109540206;-0.272843280795826;2.85146715006887;3.00596329924491;0.588583900598863;2.32123225176677;2.93925423797261;2.91969605312931;3.18129559501135;-1.24552986962925;
IMN;6.38824842372352;6.03502801599399;3.50702846761897;1.05454583131494;2.81875727132181;1.96034760175388;7.75437875437544;4.82248063299942;5.7812874881968;-0.0794110139410833;6.87013528451821;4.29564904515934;1.65050263205406;-0.356701748502758;;
IND;6.40328423693353;6.04817414971588;1.5875983042843;6.35108827096114;7.0423476699315;3.89396604071817;4.16567305225209;5.13507450641239;6.18667951266134;6.79675906426532;7.08222758310927;5.66578114880545;5.43307745098798;2.99266440573042;-8.16489390792292;
INX;;;;;;;;;;;;;;;;
IRL;2.18803345114927;2.30471367656891;-6.41412360793612;-6.05945253020644;1.20214100749023;0.628754224541069;-0.474980680541634;0.735188369582971;7.92189674515716;23.9990932049163;0.896822101077149;7.76044197686218;7.68774579482279;3.49190099133891;4.77693726738578;
 Islamic Rep.;1.99010614648709;3.82052688246756;6.9705799729707;-0.839121842848243;-0.106537759030701;4.59644121420901;1.4458481607748;-8.55331515135967;-1.42345309450008;3.27496797256326;-2.61107051257869;11.8687153565987;2.32775091617894;-7.31991052661751;-8.03628627377611;2.06002954994918
IRQ;3.62234973591802;0.195033167504533;6.41896230276041;1.28332932781061;3.6520946959417;4.10457025159661;9.77517248032976;3.51570142550651;-3.45683137321301;1.30694378113189;10.5600974554293;-4.28298176305985;0.28170531508249;3.59562006701191;-17.5866074376067;
ISL;3.85034869245426;5.74528128782477;0.326400099637624;-7.9783624054085;-2.6928477076311;1.53514719927782;0.527304433471059;3.56817578247606;0.562209388696957;3.35414533328364;4.83829921427557;1.7794101347671;2.12030149363669;0.206935274875605;-8.00918540956167;
ISR;3.92332074508745;4.23402624599601;1.63705997667583;-1.24588889710429;3.7716360918953;3.60999370687179;0.942143217993134;2.84013390158523;2.14508773727393;0.273166454342856;2.43486113607949;2.37294959239584;1.99923149357343;1.81135890882076;-3.86399947293295;
ITA;1.48515735957702;0.975922132963376;-1.61594062742927;-5.71150838276657;1.40091534299962;0.534287439584816;-3.24206011995115;-2.97240379999698;-0.917813879753353;0.875477401786128;1.46569044434084;1.82033385192226;1.11781661979235;1.57473771632701;-8.51038756746534;
JAM;2.36064856549274;0.925752257457191;-1.29807445368073;-4.82326075795619;-1.96994126129756;1.17354565013477;-1.17999390647412;-0.0653686760132786;0.114534393056601;0.366894819691765;0.844390413700609;0.492076589718863;1.40370907994962;0.432912116838111;-10.3915896501406;
JOR;4.01738849166931;3.61511759417196;2.30641573504904;-0.107449996553086;-2.87425912626057;-2.64334221397608;-2.97834175597032;-2.55764089229908;-1.25062096142206;-1.34990617092249;-1.07722100686;-0.328485920725498;0.0981917027262398;0.579046462795702;-2.53019323476023;
JPN;1.30812718300903;1.36742232603785;-1.27210994887062;-5.68145234031182;4.07922304843274;0.209251802819637;1.53678665884595;2.15237106564643;0.429381122520397;1.66846511711745;0.870046944792136;1.84270905806171;0.762860909889355;0.480088200168893;-4.26028956099367;
KAZ;9.53532791985413;7.66144313503145;1.38323631640472;-0.786442204419629;5.7942251111029;5.87350766217401;3.33405607044031;4.48511703481149;2.67672092464575;-0.268267117815142;-0.327514633495582;2.69343213409591;2.74053637969105;3.16101154004124;-3.75169199933455;
KEN;3.57619319367535;3.933089234146;-2.50337553857376;0.503848173649416;5.15617255942153;2.32721211497848;1.82096222413746;1.11507223360891;2.36632833973422;2.38448726521699;1.7209860090004;1.39771664690468;3.22142919254497;2.62208684536643;-2.53585612321258;
KGZ;2.00042638790904;7.51274346496389;7.37644049297302;1.65165139562198;-1.65175287429358;4.6747156286886;-1.73814258426546;8.73578927271694;1.95799697094444;1.75886440985292;2.23180526571734;2.73409189148251;1.7132091060235;2.43933520707868;-10.3345304287768;
KHM;9.09156397836011;8.58316241913515;5.12482792757926;-1.40299900007736;4.34463271211294;5.38183540160502;5.57784868523161;5.59998687812791;5.40174788030639;5.26408933922833;5.27260897558848;5.37202162418909;5.87938583851239;5.51680828875165;-4.49404211947801;
KIR;-2.19152748957984;-0.279920855312355;-4.30121994430873;-1.36250092202063;-2.85094050694624;-0.15655183110934;3.11476838995326;2.73885960979126;-2.05944794023451;8.87211257724154;3.64094395826189;-0.545552671301749;2.26287969511236;2.36588746035582;-3.45635887438323;
KNA;2.10157572873622;-0.31760193196763;5.2206942452851;-4.87909924434258;-1.44482370924793;0.940767820559103;-3.08849831565503;4.44770063393607;5.34704639121595;0.18919158121939;12.4614166184795;0.110808947167712;1.91268111292277;4.01450533666139;-14.9761132822248;
 Rep.;4.08764514661904;4.71292765493601;5.26636114571932;2.23375225977168;0.275268980329585;6.27401988865388;2.89141199434026;1.86559949596563;2.69615096128955;2.55621950883497;2.26842940068582;2.5391447288435;2.87019696151147;2.46224621613314;1.8889146004307;-0.988631819016462
KWT;2.82833462994647;0.473425243208354;-3.38440899755075;-12.5121104729049;-7.94513165080112;3.53216099640974;0.869297947188244;-3.94289754562421;-3.97985889929403;-3.20057857283761;-0.228710261590166;-7.04349989138754;-0.741247102578228;-1.23785408626549;-10.0427425000043;
LAC;3.91801482196226;4.24916256705529;2.67787530279904;-3.17325792950037;5.53149802003486;3.38842577304128;1.33947806868437;1.80859123549426;0.309385028850713;-0.607677970448222;-1.31966271683839;0.936855812265392;0.560571386154777;-0.250912943307739;-7.68319627916567;
LAO;6.86532724453582;5.80730383433171;6.01172151736887;5.71857612297184;6.78074430520167;6.36390449880105;6.40076044066137;6.42810995716083;6.01618637274616;5.65656566444976;5.38622283884081;5.24475134510458;4.61595537084567;3.86974764056176;-0.962611713840786;
LBN;0.248100883388531;9.13666000542561;9.12869029679146;9.12638164109821;4.92235408227218;-3.95996212203781;-3.67375257261897;-2.7795639408772;-3.24138677349922;-3.60057202482315;-1.16541775606076;-0.771117557655217;-2.27589099867723;-7.1071537327247;-21.1160044260512;
LBR;4.43844121322165;5.33663592983417;2.81123184149446;1.19788635352589;2.35823639308296;4.80484555576837;4.90686204073934;5.80466806313513;-1.86657433373304;-2.53856279124182;-4.01370872665771;-0.060039735974641;-1.29322546515751;-4.80612732385613;-5.29058563628975;
LBY;4.90383702087966;4.78746682384252;1.24472745647812;-2.00717150533646;3.94221341390339;-62.378046537795;121.779471768881;-14.0729727685524;-24.4980108135006;-9.6611400412838;-3.9011207222389;24.9760381703571;13.4460867409219;1.03987886556195;-32.2381642959612;
LCA;4.93024830070992;0.317079624603679;3.4881515158219;-4.07694698795805;0.513073498673961;4.61448829235955;-0.830332598258394;-3.63858201930687;1.30096962424011;-1.81422500084082;3.12989136646082;2.97153173683404;2.39733075575063;-0.558717236775081;-20.7352860984343;
LCN;3.79724847645284;4.02767920980764;2.51435852904389;-3.12670729015568;5.25385510737952;3.2886648463186;1.39174352994647;1.77866854292697;0.311793395551945;-0.473668861043194;-1.13649562069644;0.900998158085514;0.68640421265755;-0.129939840379194;-7.57083498986965;
LDC;4.51341658551472;5.02822056612764;4.18578558294416;1.77243031256356;3.7774710793439;0.928128496881129;0.824167864478483;3.25695906588186;3.12345411048727;0.0527758943034797;1.41691397657698;2.051086615446;2.10442352520413;2.61518781997181;-1.59852063777853;
LIC;2.83518991977421;3.15444698472085;2.56595839100152;1.16252680269149;4.08754303987723;-1.85358909044932;-5.71240019407144;0.814301481287004;1.73750713178775;-3.00122118356624;-0.374303254730648;0.504036110622636;0.888782719208379;1.72104503823122;-1.99237323080658;
LIE;7.8466338500659;2.6159404191209;1.07483385329581;-1.86027941888527;;;;;;;;;;;;
LKA;6.84290874061237;6.01064239712392;5.19755774316701;2.8210370599592;7.27905886038283;7.67795323888947;9.00294347076742;2.59207380970925;3.98575520647265;4.04623956631545;3.33842975590277;2.41409866202615;2.1949597721197;1.63141197879588;-4.0794090524288;
LMC;4.79359082756477;5.18497641849069;2.59983355863424;2.97400083645614;4.93856180788032;3.19368935460822;2.67572662125882;3.53066881833881;3.97507365854383;3.50166010994113;4.40769645768029;3.68153887761629;3.14137286961686;2.1336455126044;-4.72726758257525;
LMY;6.77115732752094;7.44866773998716;4.58322821063135;1.81588772076822;6.43893780007063;4.90659603665205;3.89039972018348;4.06081964146236;3.55320488981579;3.04162003575131;3.27951523027197;3.83124272204999;3.54281967394894;2.75602607498131;-2.47462290329132;
LSO;4.55389995023911;4.34559168360906;5.51119524431421;-1.40461364591799;4.97932147229949;4.18520596148069;5.74403985584556;1.11308759387308;0.967916192535228;2.3480698139272;2.78812909073667;-3.90564187261468;-2.00999694354861;-1.17546799781275;-10.3306686674169;
LTE;8.60918702949385;9.5556071062862;6.26387786335651;3.05836238955442;7.41648224913919;6.48244077493374;5.09905674912136;4.91778942682811;4.47503183223486;3.99523352284399;3.77760414919605;4.61281448148567;4.81959517799378;4.22624538656802;-0.209905188382862;
LTU;9.142617036882;12.4352501754842;3.67524092566269;-13.8877533571244;3.80531559028894;8.46110906391293;5.24600245889164;4.6033277290029;4.43108765446387;2.98891297061452;3.82984126408542;5.75104655735379;4.99035385554106;4.85094975391134;-0.159159194265882;
LUX;4.33910831451982;6.44203136625568;-2.06647390176839;-5.01426301262075;1.88354730979161;-1.17679786686928;-0.762183409548683;0.814652308537674;0.232564441498198;-0.115476305532894;2.73979180152419;-1.11611296239622;0.0557319419873323;1.27627264670255;-3.39943865624522;
LVA;12.9969552466197;10.8440018433594;-2.22057820687165;-12.8207490852443;-2.4618556538617;4.44898683199257;8.37323229189424;3.10918724512483;2.86426650589976;4.7389479157399;3.30741996501406;4.2327345755706;4.80286694592556;3.19932008209607;-2.94035314991686;
 China;5.55453856256894;10.8779136297566;12.0487979262511;1.23849427717491;-0.874648486770553;22.3763347103937;18.8307015920357;6.68500995649852;8.19560661069474;-4.17957823888591;-23.0634149570273;-2.41812753264641;8.26007312117713;4.93835210738143;-3.85348568225642;-54.641446974811
MAF;;;;;;;;;;;;;;;;
MAR;6.3219983677301;2.32416618440909;4.66711856811561;2.9643371380033;2.48568353490226;3.835245161193;1.5805551116102;3.06030761406089;1.22952904619169;3.10311140049744;-0.286660319841573;2.90184502007737;1.84461699689066;1.3403970411036;-7.42665148894926;
MCO;4.73008336712999;13.3185502465968;-0.303447951812501;-12.2141220657199;0.993240373138107;5.76441360166551;-0.190209494071439;8.2682712701466;5.98000566822485;3.74320229702543;2.50861203477268;-4.31031468353824;5.16191339520333;6.12377017891215;-12.3756579382016;
MDA;5.09168356149956;3.23894750499947;8.00541660065082;-5.88126742717446;7.20700700021051;5.8793669177235;-0.57669709243207;9.07308430032427;5.06364826221343;0.45004942257944;5.61462069937306;6.4771604801543;6.10943256779568;5.36569849707125;-5.3899852807149;
MDG;2.3641960885147;2.70107861761745;3.7083773542354;-6.65191726961332;-2.15185614204462;-1.18868262080024;0.233019999606896;-0.437960225481348;0.585356838495613;0.390866453574574;1.23486640431807;1.185080524299;0.476010182448789;1.67412016147502;-9.56081244340523;
MDV;23.0750888393542;5.24478977558516;6.84708578448992;-9.83904837297072;3.64621777434566;4.35438090611773;-1.80235941223546;2.54135858667061;2.53675483116302;-1.6151832384764;1.73348691527349;2.69752962995781;4.07540942819782;3.81320120539183;-34.6790952766038;
MEA;3.66069622656788;2.98310588631756;2.5261283915427;-1.33360506917059;2.85188452970728;1.82448901978852;1.39649605219776;0.739332223479622;0.979532615882619;0.493519688660868;2.70410932848635;-0.110669726332731;-0.259058785017615;-0.552339316845334;-5.6066517214869;
MEX;2.98443254099685;0.782569044350566;-0.357632974929516;-6.67416537824273;3.61719033124828;2.22716347751184;2.24713983020912;0.0294527950694885;1.54403510691023;2.01903688371814;1.40302067337798;0.931456541585035;1.05031421707116;-1.26011567224396;-9.27422911762298;
MHL;-1.25862911916911;2.71283676109664;-6.38004033203217;3.02127937306567;6.46802580973296;-0.898916355585229;-2.61910130931471;3.61420730820723;-1.38337274157647;1.15223297359046;0.823567721794149;2.66363108243138;2.93818083190456;5.95717198589657;-2.8733879989591;
MIC;6.96389954775263;7.65074402479087;4.74024533916581;1.9428135844592;6.60065376134995;5.14494674134131;4.16825668948874;4.22154685613224;3.69276499006122;3.25405363262254;3.45641319082198;4.00668543488084;3.71553607121902;2.91212407713795;-2.33820641389032;
MKD;4.96320773237035;6.29993513490503;5.29995030962252;-0.541943604567479;3.14081772112786;2.16414417333701;-0.577169122513965;2.77625771203245;3.45674839564703;3.71765660257569;2.73585322254593;0.98373642544189;2.79561511891441;3.88655214622943;-5.0180405130877;
MLI;1.27050141367204;0.0966815158594443;1.34254228712305;1.44358327947873;2.03944059205085;0.118048941727224;-3.72173891743272;-0.629925021004141;4.02180576513666;3.09991301016213;2.74912773755298;2.19402842275547;1.64255983514556;1.66395525277679;-4.12662576286982;
MLT;2.13733956307453;4.40993493709693;3.15300053732395;-1.87642944101341;5.02649826468556;0.0422716045280538;3.18566805566896;4.00280455070371;5.50567548884703;7.02341289238701;1.73573001006562;5.19857739445129;1.56979969325337;1.47093023044587;-9.03495881503079;
MMR;12.4999071412323;11.7740159921418;10.3887233907891;9.70515128821256;9.30694693154884;6.69814699980058;5.60946691519446;6.98566121465893;7.31315229339724;2.49328468190495;9.74847882390068;5.08183410223336;5.759520090802;6.08461268337797;2.48283933592906;
MNA;3.29382386332433;4.26163022708784;2.18072739992033;1.18313370695533;3.42934048323404;-2.26498703733769;0.0333466298671823;-0.368755558168729;0.179449648135432;-1.09511107042889;4.89331713217614;1.09820356331633;-1.07334302939412;-1.12198311247397;-5.11796269604578;
MNE;8.43155548724641;6.66273607597991;7.0326268462032;-5.99697748606286;2.54625315972683;3.12007495624715;-2.80561175003068;3.44796578700294;1.68499387988115;3.33238457780671;2.92545800874741;4.70468752737763;5.10254439807166;4.09623694324546;-15.2084745840286;
MNG;7.18064405133991;8.76185950230217;7.32472769142869;-2.81559622130662;4.56205080991963;15.1546246680234;10.159032631448;9.43727208597539;5.7449221283854;0.388463385380476;-0.433679901746515;3.68853378857119;5.82715120700583;3.80294008233133;-6.10443081365783;
MNP;-5.76997155920627;-5.55000591123587;-10.1026566577384;-16.923772845826;1.81489175376851;-7.45624743795166;0.266900974557586;1.78134000105112;3.20737451902791;2.49751065125838;28.2738517644813;22.3735947242237;-19.8213790200896;-11.6457911935762;;
MOZ;6.6440691360248;4.78112215319457;4.41146149526131;3.44777023226388;3.62001565424339;4.50436696587688;4.34571936098614;4.04236882759777;4.4345544906804;3.74042205271795;0.884713236588894;0.775346479703657;0.473340200048128;-0.616865368058384;-4.04435368981659;
MRT;14.997944355329;-4.74285886082855;-3.1650591555854;-2.76844927854121;-0.339903893056103;1.14930430712354;1.42857587667365;1.12403948703597;1.26674110615264;2.37076098298319;-1.59018303722354;3.31636794202008;1.66083209679408;2.89992206394601;-4.38235525118915;
MUS;4.37758681013401;5.24649695275983;5.00653907079831;3.04110045494286;4.12919885158315;3.91100125075474;3.20949947389812;3.13285197062984;3.55690427573658;3.41602394691346;3.76659648343872;3.72056764157287;3.70309459271954;2.97917002128392;-14.8966374554128;
MWI;1.89365240065902;6.57601674795988;4.61241747330368;5.25908904459894;3.84969815821488;1.89312524974991;-0.985556988637143;2.25588133828158;2.77832327872794;0.00210447054340079;-0.255665063338284;1.26357063864582;1.67003366205537;2.69981228160685;-1.84096783778082;
MYS;3.52432707255605;4.23643878565854;2.84707945938796;-3.28559032979192;5.62355597204257;3.666105223796;3.95955276330294;3.2700419179583;4.59520999797456;3.68772164252655;3.04160128473568;4.38394395688798;3.43515895806416;3.0608088603617;-6.86027342704296;
NAC;1.96042996404712;1.27985892224774;-1.00234727568882;-3.44466524866888;1.72703048718448;0.913402257801565;1.42497439912663;1.14005527303065;1.77434459451487;2.12502673181815;0.879867724562359;1.68482590760772;2.34545177909251;1.57261522677959;-4.4898933331413;
NAM;5.28065430872782;3.52558861678366;0.797839195433681;-1.51891356279563;4.14564587641996;3.24840069457768;3.2388801213969;3.78336010246227;4.22959801571838;2.39612202094233;-1.79643348191252;-2.86362140425037;-0.825493378477319;-2.72466136719636;-10.1707517202466;
NCL;;;;;;;;;;;;;;;;
NER;2.04029973232878;-0.660036862745443;3.73669703897315;-1.84877246417652;4.48344918382702;-1.53413284911204;6.32186225849296;1.27949055943613;2.56330750612091;0.418328365503129;1.7372252956601;1.04675078565515;3.19595439522324;1.99706262597826;-0.25361544353764;
NGA;3.32621787801031;3.82207230076099;3.97251049277654;5.19795440906896;5.15854534990596;2.52532222927167;1.47285122897132;3.85372267903598;3.51397655975944;-0.0292823054560643;-4.1683884058564;-1.78881762090789;-0.679724707768486;-0.379752402189268;-4.2601131442069;
NIC;2.7352444754342;3.64227613660381;2.02268703570736;-4.60740472223424;3.00281839078917;4.89429304003257;5.08092216955905;3.54339246374178;3.41652689756909;3.43655908431992;3.22379915267035;3.30721604895172;-4.56925348119202;-4.85210864564721;-3.14703683837519;
NLD;3.29494984036958;3.5473594981308;1.77335666374768;-4.16103849540806;0.824259852819907;1.07862827391094;-1.39591933577908;-0.42417869353261;1.05910125427069;1.50826618391271;1.64931554652068;2.30428473259315;1.76493726416223;1.28988912106223;-4.33159204569317;
NOR;1.57841986579173;1.93406497559269;-0.768153440463365;-2.95858554905377;-0.544794329896789;-0.32002651935673;1.36298487268812;-0.180216050698121;0.826056236088164;0.95750076290291;0.185059679800673;1.50018092554136;0.453550486030423;0.0679926261787642;-1.30000015394134;
NPL;2.0870172496985;2.17333410334047;4.97464099995237;3.68949714517552;4.31324694465761;3.31468974362869;4.63994727231155;3.80347745578527;6.054086831609;3.55633538398823;-0.481931971808237;7.5210298922342;5.84871082835983;4.74451271488148;-3.86298769960943;
NRU;9.6087310471151;-23.0060067902847;21.8016194331984;8.37789661319073;10.4006394245179;9.34452279273017;10.6275113008538;29.6909986565159;25.5661385946156;2.85400109961513;2.58258544968496;-6.66497138119038;5.09401596169923;-0.798959494611665;0.495884603387807;
NZL;1.63444748633871;2.07133876365468;-1.95072809589509;-1.1285726937779;0.405531883883611;1.48001490055097;1.68167001047279;1.90974647762752;2.10371277700105;1.61720893840365;1.42623836172024;1.47153285884679;1.37354364665912;0.0275641486978628;-0.240800771195083;
OED;2.33809251489518;1.90916189087716;-0.486345634705003;-4.01472424577479;2.24368470067785;1.37545592279027;0.743537650885969;0.881789371115289;1.48811464937654;1.91753674414706;1.1749764332681;1.87519094820645;1.77369033625769;1.22637002889199;-5.01055628757823;
OMN;2.5342516802459;1.44905614393397;4.51099041439531;1.49222998138671;-3.81239762862293;-3.74117226693519;1.17838134977329;-2.22872872943711;-5.308807637428;-0.891334462262279;0.0775161835069582;-3.70965167080264;-2.14297956471468;-4.02112716672669;-5.69606110307078;
OSS;8.23384760773205;7.16321717167747;4.60789913768116;-0.728232606047769;6.00429333500713;5.12095901764525;1.36972880928788;1.59705730850052;1.70400990943074;1.00598285934899;0.91433244930252;-0.797102602087165;0.177255914932431;0.141209461832005;-6.79753840888324;
PAK;3.49810850590077;2.46795813772984;-0.574300930931031;0.560537621009317;-0.60130145169299;0.554047984447536;1.32947581288821;2.22367338263882;2.50719159025661;2.56646710358606;3.34791165243369;3.38392800367239;3.68103446177759;-0.880818100199619;-2.87594561462522;
PAN;6.68387882043837;9.97372367996702;7.90195581998807;-0.539359768016425;3.98387906635753;9.39793386748417;7.91098019838732;5.09696530866417;3.29282288183612;3.94283658821021;3.17045468651418;3.79946361861217;1.94510324446577;1.29253637338742;-19.244276467277;
PER;6.62620063933494;7.63365404001507;8.25060456444702;0.287054626197119;7.45536629325547;5.46742070674885;5.26750729775631;4.90258260411305;1.30565751190883;1.96334440822348;2.42290485450216;0.829126308957157;2.19794844938977;0.565474347551628;-12.3921306943849;
PHL;3.44417449701746;4.71214054078671;2.62670313323359;-0.211698992077103;5.56100079147657;2.11592682893121;5.090727070276;4.95941474390416;4.61111379460328;4.68187850526492;5.54671238464452;5.3966531060456;4.86730872952965;4.68037644699137;-10.7815135463198;
PLW;0.812205615728985;4.07659339990055;-3.51057114159789;-4.45567906621753;2.0915656233673;7.92195414107404;2.32409134420173;-3.21168690761341;6.16116853224338;7.29556213562459;-0.382245190865746;-3.77798662719752;-0.676091287518872;-2.38673482560449;-10.1914249609702;
PNG;2.99962143158339;5.25600281692422;-2.69317596012894;4.28056931559291;7.63171106401101;-1.08022983205601;2.47912501452259;1.72688840153552;11.281320334337;4.46146503356071;3.3981627986184;1.49445565230526;-2.22916792257401;2.45900693393675;-5.34336338763713;
POL;6.19841529972236;7.11969904145823;4.18575941338179;2.76251923864919;4.03723719489624;4.70132290342329;1.32513854853551;1.18682133968966;3.45598564847825;4.30581423680569;3.1860709143334;4.81757385257684;5.35391420222633;4.77053944228503;-2.3698949255717;
PRE;3.35827207054781;3.26993560662925;3.53853800558316;1.89291997734085;3.50625463140435;1.2952875575958;1.32434866498548;2.84718765835589;2.08508804730438;0.287522637366621;-0.544236459707463;-1.22332706901064;-0.252547956331767;0.515221410271209;-5.6564209127516;
PRI;-0.991029990749496;-0.582297438193464;-1.26658345345041;-1.41621087876773;0.0921020717791237;0.800573059973473;1.24696939039634;0.842159017658133;0.436573539062252;0.706704568897791;0.666133347916414;-0.509099448693803;-0.18737030505585;1.47401058298671;-6.47573252999169;
 Dem. People's Rep.;;;;;;;;;;;;;;;;
PRT;1.44193641296673;2.30555211277161;0.174700554936223;-3.21438996722308;1.69092841483231;-1.55146831672478;-3.66753141566937;-0.377398248791067;1.33711996744654;2.2144828853083;2.34182321593775;3.75909438887767;3.01412372965098;2.65839260557085;-8.53864577611775;
PRY;3.22758717365849;3.92392766561638;5.04513405360085;-1.59888081686076;9.60080177157276;2.87100958619692;-2.06145153096328;6.81657644886431;3.87716000039792;1.58379371049865;2.89685661490968;3.44894824730363;1.88363182374449;-1.65407082014168;-1.79098022829488;
PSE;-3.49430234961132;1.16982596233521;4.51371143942183;5.73457681316152;3.06565425625401;6.86783487502541;3.51036746369036;2.21485047926886;-2.47102630481804;1.37258508832343;6.44666146094556;-0.577622802403482;-1.30481419195327;-1.15161366535136;-13.6319590509676;
PSS;1.12124003888896;-0.322020150882793;0.332127858633413;-2.26201873555415;1.81227552417013;2.57339891730486;-0.427736395353335;2.08930846817572;2.38669818228654;2.34332243132394;2.33094948275816;2.88092971299795;1.42664165742769;-0.568482158564322;-11.216441546346;
PST;2.45231234704333;2.04952127782019;-0.349020838328698;-3.8430633866665;2.37144694051487;1.40497853049546;0.814644947447164;0.960829994671869;1.5353268850655;1.84661537573328;1.3196460868194;2.00100293396545;1.93160180529624;1.42184931906777;-5.03913930153792;
PYF;;;;;;;;;;;1.75934560999676;3.71396037737055;2.6857110948952;2.37569410108811;-8.13242689353957;
QAT;6.76499975118617;-0.968201851072465;-0.209441779939993;-2.80962215212774;6.61828346044788;3.37715810377655;-2.91062003628689;-0.79115723314159;0.0820460390058741;0.404893040090641;-0.37872450351378;-4.04077563441363;-0.837914028240689;-1.1032324087458;-5.19749228246543;
ROU;8.67067585292331;8.82964823723904;11.1442089014979;-4.72698260115841;-3.32875036446971;2.40854396582971;2.49594029830753;4.15700410753874;3.99754430437416;3.43874923608918;5.30536396716246;7.9415586584485;5.09011110670698;4.73858787008214;-3.36110633536329;
RUS;8.55494495721565;8.6857606113937;5.24621403349268;-7.82774909202175;4.45309443157595;4.21872587417505;3.84915563203991;1.53896381728107;-1.04525746317218;-2.18388838737465;0.0102484619192325;1.70938991615724;2.81552569192898;2.07881130890352;-2.7715653324851;
RWA;6.77373457315227;4.95901096279803;8.23446022854868;3.44360049750725;4.59158300389504;5.29445887341875;6.00173757658153;2.18339840016732;3.56087858375693;6.1238343540962;3.24843958156001;1.26747309893398;5.74614049530018;6.64358394861513;-5.78252238248137;
SAS;5.90078168803142;5.56363335163816;1.70311063932078;5.36691015930082;5.94548775619168;3.66067951911593;4.08316289491037;4.64713361029172;5.54368134984196;6.03166330373584;6.34803142694619;5.31482224129567;5.17880140146161;2.83316200716392;-6.77794871893134;
SAU;-0.0736673000176751;-0.928187668429203;3.36069067534564;-4.78731859443883;2.0088817490159;6.70435297725483;2.20330023404694;-0.366653168771407;0.753966786699763;1.47706007191984;-0.603769618995187;-2.71382744999026;0.605723335699551;-1.32503213598616;-5.60869531637937;
SDN;3.61355740153301;2.8588816174917;1.05909886229884;-5.32334226716355;1.20045566530176;5.89268947785978;-7.668995074962;-0.461617046060084;2.16703862109627;-0.513715753423682;1.01519722915089;-1.67431434434694;-4.98142712901878;-4.48984342796072;-5.90675590365227;
SEN;-0.295754934546068;0.145326293364661;0.959376385677956;-8.19851458260246E-05;0.593291217967206;-1.43114690125601;1.1458521796627;-0.41452320589886;3.28413530203781;3.42150148451282;3.41182379733205;4.4411878629361;3.29534615117551;1.57049679945986;-1.21334192598698;
SGP;5.64677092835883;4.57357473888362;-3.41097740507196;-2.85353549784605;12.5143074037657;4.14378171921068;1.92994077483843;3.15333088834721;2.59715383966;1.77390780774796;1.99706567047267;4.42782016185458;3.01247744349737;0.192150836011294;-5.09547062891869;
SLB;2.42881626321521;2.10863412899245;3.44594827433538;0.204424830011078;6.00779054091987;4.56589011870001;-0.803712525675593;2.51714122030513;-1.65971392374141;-1.28374907121884;3.09286869328508;2.59550850505579;1.26530359076786;-1.35921200161332;-6.69331588516656;
SLE;0.94104084716102;5.16437663751863;2.92454567394411;0.899229402758749;2.99999325601492;3.92410427246401;12.6190954950772;18.0533111170996;2.27439413134707;-22.3120965034419;3.78444419301765;1.97222909064014;1.27738952655478;3.05763409073658;-3.98165433349067;
SLV;3.87674206159927;1.41903849378535;1.69437629398375;-2.49933225279713;1.67414976655505;3.37090111995344;2.36462762805975;1.7728053467137;1.24137960221096;1.91334416315701;2.04553340356148;1.73469434223202;1.9119532499339;1.86206594609182;-9.04150628086718;
SMR;2.53631610674002;5.77704620700121;-1.69751730640709;-11.4584912391916;-6.67263430990275;-9.5718068443221;-8.34173556496606;-2.1585014788615;-1.86894657937799;1.27996647714281;1.63264134497325;-0.241968818318767;1.20511638524026;2.13285251799644;;
SOM;;;;;;;;;4.62504242394878;11.7838973866835;5.43115533466543;-0.245105662672273;4.6722676697127;5.03920506752881;-0.462294726390766;
SRB;5.52189240110543;6.87196980103251;6.10631700958608;-2.34092820223162;1.13680433834465;2.84500960707238;-0.198378899470342;3.39452352049253;-1.12639732710853;2.31101588882194;3.88118476026682;2.64598586238259;5.0675948814029;4.89309425558007;-0.282578515072402;
SSA;3.31305092177897;3.457221683645;2.47996811654846;0.412765972700697;3.08290064935012;1.56712128718821;0.583000605958418;2.28628620774293;2.05241676680869;0.104692762337464;-1.51806395925389;-0.255714010073504;0.00794333264357761;-0.075835226416558;-4.51406356477584;
SSD;;;;0.384574825218991;1.43145745530965;-7.76691350141525;-47.5906013353862;10.4926088182865;1.41631438327958;-12.1317983603027;;;;;;
SSF;3.31581265519014;3.46095948384641;2.47347799491502;0.40956505629805;3.08291156381316;1.57037283960048;0.581497978399923;2.28708172552675;2.05225206764143;0.106374817378139;-1.51522565705612;-0.253685796474514;0.00732182041858209;-0.0768410645230517;-4.52115153777875;
SST;7.57382112184311;5.99932504903384;3.70639706981717;-1.41405137237884;4.93870645985035;4.27186819444462;1.26972652416441;1.38021893413554;1.49709785536901;0.997116963804004;0.573527944518304;-0.617252662021997;0.431594883058153;0.165340130610758;-7.13054436515436;
STP;6.27834925146476;0.384431866102091;5.13572881876063;-0.342908452043091;4.01364108375579;2.05078280401887;1.02158581635973;2.80554596764333;4.56240225630265;1.97731863125929;2.22623330931071;1.91077016859155;1.02033794510234;0.302078271457091;1.15503808250499;
SUR;4.57270068064486;3.90056336637524;2.94694644085777;1.8339250703236;3.97368421108246;4.65257759334176;1.53869362118127;1.79595372467301;-0.828633107218408;-4.42304623547729;-5.88315311840861;0.567009681821375;3.94868880728451;0.163586537511492;-16.6635316525252;
SVK;8.48818887389908;10.7996946550561;5.48439001468644;-5.58143723800742;6.19427604167075;2.50514667560948;1.18587816416603;0.546661779902763;2.62473287209883;5.11570678786038;1.80035277956956;2.82050737986216;3.6507463416053;2.46660937052457;-4.44074963453588;
SVN;5.40948263334755;6.38358892726794;3.34627954360531;-8.38031959236709;0.902771380289735;0.652023243217954;-2.84370502025251;-1.16352087549969;2.66713405933845;2.13325802761534;3.11634660116351;4.74710618321161;4.04458737932572;2.53409090453896;-4.86854715736274;
SWE;4.07571489749014;2.67500267083921;-1.22306957770027;-5.15126272885315;5.0526785726024;2.41898851140094;-1.32100232444557;0.333984863287881;1.64424400595537;3.39017629600058;0.79614630049835;1.19514757132167;0.772577449000039;0.957561656419784;-3.64699713705915;
SWZ;5.42747271138448;3.77870491498773;0.120966658717904;0.843358827566917;3.07449817979295;1.56165774060719;4.68805237645064;3.13895395527615;0.16940906899589;1.39265165153255;0.159392270274722;1.04568593576538;1.33859129669773;1.55315112546384;-2.86834317136054;
SXM;;;;;3.75150914111006;6.54277559581442;-2.13646282025343;-4.13677564787119;-1.32537772499819;-2.54799742433998;-2.37652931021542;-7.20461872134864;-7.33313118963186;;;
SYC;7.15334448986013;9.85915462193255;-4.31087818165328;-1.49267741777315;3.03727652439191;10.7608683503237;0.272336546679327;4.07802463446419;2.89189820261761;2.6233915237341;3.17327021348123;3.46414233289319;0.804608597076964;0.296482430091345;-11.5294348013153;
SYR;1.1986928359205;1.32071453977196;0.503795611317173;3.205860519297;4.42045241186304;4.21956111538067;-24.0218356084263;-23.0612723183389;-6.15076248881388;0.649743497767503;-2.75679041479127;1.42046689646867;2.37767882977195;2.98763280226586;;
TCA;;;;;;;-2.9954678071679;-0.867138288038106;6.75042937173602;9.43374831039085;5.55255842807325;-3.95617949031259;4.06605759859266;3.87129129429537;-27.773778167255;
TCD;-2.82142049223802;-0.173823663533213;-0.315792039007306;0.822972034386481;9.82601852110325;-3.22747142214331;5.27356491236728;2.21661280109389;3.43306452539073;-0.490723968196917;-9.15694224466328;-5.92875313174368;-0.674920920026565;0.209664512309331;-3.83567515256786;
TEA;10.2443155932364;11.6816267112587;7.84049205223418;7.21829595127225;9.15275915379488;7.83077570978061;6.66206416337118;6.39640402260846;6.11238981430917;5.86465044516559;5.77959080499659;5.89094758605961;5.81492412535096;5.16966159968877;0.892621394084443;
TEC;7.71756827053494;7.4554379968619;4.17027410025159;-5.0332799077419;4.28741137764123;5.22493233765799;2.91429403658339;3.01873004165398;1.70202732758891;0.89654610187641;1.42012392318782;3.69545464673229;3.05793947779517;2.25097935177097;-2.06254240466437;
TGO;-0.0437636582447283;-3.80381918899066;1.2730179680502;2.71117509929229;3.27673020218909;3.58715393000078;3.7458659821737;3.35202983973069;3.20095983265402;3.06917664636548;2.93357911261434;1.79243016113288;2.43974208945798;2.93818166189259;-0.660830190764798;
THA;4.33565026144703;4.84646018349673;1.19220717396561;-1.18942236446884;6.98826719096766;0.357206475661911;6.74071389796048;2.22253921424331;0.550320663110654;2.72014084683276;3.05004792655492;3.81867425078065;3.86148228881737;1.97689245743686;-6.333597892475;
TJK;4.94006546698719;5.66195501244233;5.69622607568803;1.71572808954097;4.19884606425427;5.02652901948377;5.07924078794963;4.93554282332893;4.20412796226452;3.47738299697102;4.31428456351641;4.48656343288916;4.99210090647853;4.86305682399173;2.12659470706988;
TKM;9.69375411393325;9.69041379347956;13.1750169224021;4.57060341159439;7.49868003119573;12.7743584232376;9.12112771205105;8.1778916971454;8.28323982294835;4.60627168562475;4.37907625854506;4.73730275911537;4.50768703055272;4.66863745339606;;
TLA;3.86536703966289;4.16772686415439;2.65526479885312;-3.1967384285478;5.5228866054058;3.43414491545961;1.43268329645727;1.85394172283806;0.341969509463453;-0.548786230114345;-1.16838537058179;0.971941971048508;0.745122620023267;-0.150096980182227;-7.51633508811591;
TLS;-6.12929666707926;8.13981176311111;9.38104854044855;8.21083404989096;7.40672023350079;4.0868909474445;3.01653669459749;1.25532377710469;2.6390991217784;0.874639774779823;1.4355266984744;-4.93996280439322;-2.62331202144843;17.211410382627;8.25205313717632;
TMN;3.35385774196058;4.28910858101774;2.16586090617137;1.14916407631918;3.43493090361181;-2.34130680427772;0.00189499286446448;-0.393100406696547;0.207277123548849;-1.11861067849176;4.87834364768081;1.1161457963923;-1.06948480635585;-1.12022657680069;-5.02652572816926;
TON;-0.939875466138972;-0.572504689758688;3.93250554036216;-5.66719624910031;0.722057101717425;7.25459328857687;1.62979745431981;1.26646161238604;2.77104331145559;1.41583317399663;6.18851952679165;2.452312649135;-0.863365350326134;-0.517228592727164;-0.488055108897129;
TSA;5.90078168803142;5.56363335163816;1.70311063932078;5.36691015930082;5.94548775619168;3.66067951911593;4.08316289491037;4.64713361029172;5.54368134984196;6.03166330373584;6.34803142694619;5.31482224129567;5.17880140146161;2.83316200716392;-6.77794871893134;
TSS;3.31581265519014;3.46095948384641;2.47347799491502;0.40956505629805;3.08291156381316;1.57037283960048;0.581497978399923;2.28708172552675;2.05225206764143;0.106374817378139;-1.51522565705612;-0.253685796474514;0.00732182041858209;-0.0768410645230517;-4.52115153777875;
TTO;12.6818033809258;4.28201716103951;2.9198686140016;-4.86017265044342;2.76130999915631;-0.894000091488451;0.619789045545446;1.55741932861172;-1.54016181358611;0.891688877509651;-6.0973259692669;-3.44273320815914;-0.350171817474873;-1.60945212003946;-8.15167997220753;
TUN;4.26985110880931;5.63755142209669;3.13983637169446;1.95418835026373;2.444892243231;-2.6402994417231;2.90622557680651;1.15495879344083;1.68312549772698;-0.054598177447275;0.00828616475661192;1.08617526745563;1.34297688771908;0.278958759643274;-10.1344324357438;
TUR;5.62064533866236;3.79798749744459;-0.382922616460633;-6.02791266949811;6.91960656691013;9.50998315735163;3.09310182280637;6.66488362329136;3.16809082362309;4.32812777141611;1.6424634093915;5.79426441255653;1.44952251842886;-0.427943737218101;0.695873101348994;
TUV;0.9174704951606;5.29944372303386;6.97827854422172;-5.33226372087803;-3.72792822419117;6.45354359113529;-4.89190869070087;3.56469664281727;0.202733034739651;7.90386297188581;1.81467167715323;2.87584751386873;1.25271621034332;8.34353517280346;3.18707598371779;
TZA;3.57904684905111;3.80108399914285;2.73104346055565;2.29319451083367;3.2902257923503;4.54940624440488;1.44177013389711;3.63737269412798;3.58168791572304;3.0275004785058;3.71677119545821;3.64371830176266;2.35508345813247;2.71933648559543;-0.95017651764438;
UGA;7.34588349346372;5.04875964280104;5.3315816968063;3.47156835057045;2.3244226953923;5.96513142171327;0.586620051690502;0.290714167633027;1.64084457638951;1.57225486342148;1.01851489431277;-0.670054581381933;2.41677913677158;2.73474072805178;-0.360468367685613;
UKR;8.30113161817161;8.8636849937272;2.79863846719253;-14.7589713643313;4.5063460295945;5.82514472694345;0.399973331511845;0.273493436211254;-4.87524629973768;-9.44383110963591;2.85479785845692;2.810645078612;4.0163856007363;3.79371893400872;-3.35052826556826;
UMC;8.11305284822781;8.89994174415081;5.84299501693732;1.95419129450316;7.53866178490338;6.13751553318649;4.94565776397853;4.73047095663026;3.89014125876696;3.47341274372084;3.44695224620544;4.40723505183706;4.23532085130691;3.52685527882208;-1.17239463090181;
URY;3.98575757274513;6.33845299381075;6.90443582194584;3.94925012380951;7.49542953942282;4.8608114597729;3.23025835860571;4.31459013547868;2.90473540295746;0.0302704170296124;1.32968121444294;1.25792913208215;0.109558005853614;-0.0101989840723036;-6.18382416027808;
USA;1.86795551589975;0.911865593620419;-1.07670008481743;-3.38743566168993;1.71640025696944;0.815453101425561;1.50218790452286;1.13889660200263;1.77683770330539;2.31944145566627;0.977012681566976;1.68732140604138;2.45567919884604;1.69701129870931;-4.32861965716218;
UZB;6.14824562786198;7.92572326810301;7.29286000742539;6.24304120937241;4.60233039366254;4.67753450019251;5.53733804160233;5.63370076515891;5.08610431643773;5.36481697232252;4.10607276057955;2.6524847322477;3.54079676338269;3.74451756655768;-0.221646202901013;
VCT;7.70281238303825;3.42471109198219;1.69225801344757;-2.00150588852513;-3.32154883784135;-0.471680865144691;1.26682299722273;1.6606649733333;0.984202981145813;1.08354784725813;1.58954170350691;0.669624012432067;1.80377924585939;0.185859074429359;-3.56152631818665;
 RB;8.49885495260723;8.16271833988881;7.16738894447899;3.79891882036405;-4.56696288303685;-2.90526339465194;2.56108142624743;3.92449880923857;-0.0868857447813411;-4.73227475653157;;;;;;
VGB;;;;;;;;;;;;;;;;
VIR;3.58522291185554;4.04131611143129;1.16259833481369;-6.60082033820244;0.640017045957947;-8.14745069217943;-14.7321849465745;-6.15764738406951;-1.62976237975002;-0.26792231561096;1.78607056891147;-0.517853882355141;1.85313503226421;2.53167435595158;;
VNM;5.98566440555217;6.12361729606398;4.6524424162438;4.37065946154095;5.36417355469752;5.15995001617857;4.15677701070901;4.3175497494162;4.87283517072147;5.57052594829395;5.11813729007686;5.7280884115717;6.01639837930368;6.00103665097893;1.97923084573928;
VUT;5.88633022318541;0.4881145231695;3.14221147358585;0.55623244278533;-1.29938522480609;0.399805755607446;-1.76192124880252;-2.32343678562394;0.292587987960545;-2.30866935730764;1.9812444428333;3.64448510922514;0.377254096136937;1.41522700357308;-9.01902421865748;
WLD;3.21197069617591;3.16389460668407;0.750636343351644;-2.4984764587638;3.25225192690061;2.13110722769379;1.43461755795744;1.6085117297913;1.89164284003979;1.96313420413745;1.63697694623308;2.21711709670494;2.13874508430311;1.51911045216151;-4.29096182935889;
WSM;1.31936139327486;5.63872699786548;0.333930159661122;-5.47004030399792;-0.28432421489201;3.25679120019412;-4.90623996198001;-1.19043549230649;-0.732756413779214;3.60160415801118;7.55377049599575;0.619350401445942;-1.62092175286475;3.86876461636214;-3.23917618866891;
XKX;;;;4.19465198491015;4.10037155937542;5.41043861972379;0.805675791559906;4.70293562396171;3.65358782087061;7.37186722717121;6.20362255572238;4.03870892350164;3.05666474089918;5.23743315853207;-5.40663794378634;
 Rep.;2.61253331634843;0.276761276883832;0.450023076603728;0.761275118031392;0.986325944863566;4.73290477990145;-15.1079185687295;-0.391864477922667;2.01417497791245;-2.8028624274113;-29.8271446402656;-11.6111372548828;-7.34518042867448;-1.5945638098916;;
ZAF;4.27776820795123;4.00849453683342;1.82349722375925;-2.8987326378043;1.55107263897287;1.60766536815335;0.789721589438102;0.8543441977219;-0.179700598883201;-0.218801180743498;-0.806311266588793;-0.265300653069517;0.113021477550987;-1.19609144119572;-7.61587550157316;
ZMB;5.09143945398552;5.49746171793566;4.8752182546485;6.19038617394907;7.12980915723232;2.42388355815315;4.31019865903464;1.80974865435869;1.48057981019045;-0.187950012505681;0.706659429492106;0.494085597516801;1.04803356100132;-1.45136446466172;-5.55028325872323;
ZWE;-4.08731396929896;-4.44278357064921;-18.4911759056061;10.7013701924677;18.0658827070496;12.4528403690839;14.7010774695824;0.192473502173243;0.596149104122262;0.100575480569987;-0.793105404843814;3.1924525709815;3.35616607123501;-7.46862686012715;-7.62038819104805;